Loopline Bridge	loc	reference	ref	Roman God
Loopline Bridge	loc	reference	ref	playwright
Loopline Bridge	loc	reference	ref	class
Loopline Bridge	loc	reference	ref	professional
Loopline Bridge	loc	said	ref	Stephen Dedalus
Loopline Bridge	loc	reference	ref	Christianity
Loopline Bridge	loc	said	ref	Leopold Bloom
Loopline Bridge	loc	said	ref	Stephen Dedalus
Loopline Bridge	loc	reference	ref	alert
Loopline Bridge	loc	reference	ref	river
Loopline Bridge	loc	said	ref	Garrett Deasy
Loopline Bridge	loc	said	ref	Stephen Dedalus
Loopline Bridge	loc	said	ref	Corley
Loopline Bridge	loc	said	ref	Stephen Dedalus
Loopline Bridge	loc	reference	ref	friar
Loopline Bridge	loc	reference	ref	Latin
Loopline Bridge	loc	said	ref	Corley
Loopline Bridge	loc	said	ref	Corly
Loopline Bridge	loc	said	ref	Stephen Dedalus
Loopline Bridge	loc	reference	ref	settlement
Loopline Bridge	loc	said	ref	Leopold Bloom
Loopline Bridge	loc	said	ref	Stephen Dedalus
Loopline Bridge	loc	said	ref	Leopold Bloom
Loopline Bridge	loc	said	ref	Stephen Dedalus
Loopline Bridge	loc	said	ref	Leopold Bloom
Loopline Bridge	loc	said	ref	Stephen Dedalus
Loopline Bridge	loc	said	ref	Leopold Bloom
Loopline Bridge	loc	reference	ref	storyteller
Loopline Bridge	loc	reference	ref	crustacean
Loopline Bridge	loc	said	ref	Leopold Bloom
Loopline Bridge	loc	reference	ref	district
Loopline Bridge	loc	reference	ref	district
Loopline Bridge	loc	said	ref	Leopold Bloom
Loopline Bridge	loc	reference	ref	Italian
Loopline Bridge	loc	reference	ref	Italian
Loopline Bridge	loc	reference	ref	Italian
Loopline Bridge	loc	reference	ref	Italian
Loopline Bridge	loc	reference	ref	Italian
Loopline Bridge	loc	reference	ref	Italian
Loopline Bridge	loc	reference	ref	legend
Loopline Bridge	loc	said	ref	Leopold Bloom
Loopline Bridge	loc	reference	ref	masses
Loopline Bridge	loc	said	ref	Leopold Bloom
Loopline Bridge	loc	reference	ref	Italian
Loopline Bridge	loc	reference	ref	Italian
Loopline Bridge	loc	said	ref	Stephen Dedalus
Loopline Bridge	loc	said	ref	Stephen Dedalus
Loopline Bridge	loc	reference	ref	conversation
Loopline Bridge	loc	said	ref	
Loopline Bridge	loc	reference	ref	Roman Emperor
Loopline Bridge	loc	reference	ref	English
Loopline Bridge	loc	reference	ref	French
Loopline Bridge	loc	said	ref	Leopold Bloom
Loopline Bridge	loc	said	ref	Leopold Bloom
Loopline Bridge	loc	said	ref	Leopold Bloom
Loopline Bridge	loc	said	ref	Sailor
Loopline Bridge	loc	said	ref	Stephen Dedalus
Loopline Bridge	loc	said	ref	Leopold Bloom
Loopline Bridge	loc	said	ref	Stephen Dedalus
Loopline Bridge	loc	said	ref	Leopold Bloom
Loopline Bridge	loc	said	ref	Stephen Dedalus
Loopline Bridge	loc	said	ref	Stephen Dedalus
Loopline Bridge	loc	said	ref	Leopold Bloom
Loopline Bridge	loc	said	ref	Sailor
Loopline Bridge	loc	said	ref	Leopold Bloom
Loopline Bridge	loc	said	ref	Sailor
Loopline Bridge	loc	reference	ref	Circus
Loopline Bridge	loc	said	ref	Leopold Bloom
Loopline Bridge	loc	said	ref	Murphy
Loopline Bridge	loc	said	ref	Stephen Dedalus
Loopline Bridge	loc	said	ref	Murphy
Loopline Bridge	loc	reference	ref	Myth
Loopline Bridge	loc	reference	ref	Poem
Loopline Bridge	loc	reference	ref	Short Story
Loopline Bridge	loc	said	ref	Murphy
Loopline Bridge	loc	said	ref	Murphy
Loopline Bridge	loc	said	ref	Leopold Bloom
Loopline Bridge	loc	reference	ref	Island
Loopline Bridge	loc	said	ref	Stephen Dedalus
Loopline Bridge	loc	said	ref	Murphy
Loopline Bridge	loc	reference	ref	Islands
Loopline Bridge	loc	reference	ref	Latin
Loopline Bridge	loc	said	ref	Leopold Bloom
Loopline Bridge	loc	said	ref	Murphy
Loopline Bridge	loc	said	ref	Murphy
Loopline Bridge	loc	reference	ref	Dinosaur
Loopline Bridge	loc	reference	ref	Bolivian
Loopline Bridge	loc	said	ref	Murphy
Loopline Bridge	loc	reference	ref	group
Loopline Bridge	loc	said	ref	Murphy
Loopline Bridge	loc	said	ref	Murphy
Loopline Bridge	loc	reference	ref	Chilean
Loopline Bridge	loc	reference	ref	Italian
Loopline Bridge	loc	reference	ref	Sea Route
Loopline Bridge	loc	reference	ref	person
Loopline Bridge	loc	reference	ref	person
Loopline Bridge	loc	reference	ref	person
Loopline Bridge	loc	said	ref	Murphy
Loopline Bridge	loc	said	ref	Murphy
Loopline Bridge	loc	said	ref	Stephen Dedalus
Loopline Bridge	loc	reference	ref	saying
Loopline Bridge	loc	said	ref	Muprhy
Loopline Bridge	loc	said	ref	Stephen Dedalus
Loopline Bridge	loc	said	ref	Murphy
Loopline Bridge	loc	said	ref	Leopold Bloom
Loopline Bridge	loc	reference	ref	Landmark
Loopline Bridge	loc	said	ref	Leopold Bloom
Loopline Bridge	loc	reference	ref	Roman God
Loopline Bridge	loc	said	ref	Mr B
Loopline Bridge	loc	reference	ref	styled
Loopline Bridge	loc	said	ref	Murphy
Loopline Bridge	loc	reference	ref	Island
Loopline Bridge	loc	said	ref	Murphy
Loopline Bridge	loc	said	ref	Leopold Bloom
Loopline Bridge	loc	said	ref	Murphy
Loopline Bridge	loc	said	ref	Murphy
Loopline Bridge	loc	said	ref	Exhbitor
Loopline Bridge	loc	said	ref	Murphy
Loopline Bridge	loc	said	ref	Exhibitor
Loopline Bridge	loc	said	ref	Murphy
Loopline Bridge	loc	said	ref	Longshoreman
Loopline Bridge	loc	said	ref	Loafer
Loopline Bridge	loc	said	ref	Loafer
Loopline Bridge	loc	said	ref	Murphy
Loopline Bridge	loc	said	ref	Keeper
Loopline Bridge	loc	said	ref	Leopold Bloom
Loopline Bridge	loc	said	ref	Stephen Dedalus
Loopline Bridge	loc	reference	ref	Roman
Loopline Bridge	loc	said	ref	Leopold Bloom
Loopline Bridge	loc	said	ref	Stephen Dedalus
Loopline Bridge	loc	said	ref	Leopold Bloom
Loopline Bridge	loc	said	ref	Stephen Dedalus
Loopline Bridge	loc	said	ref	Leopold Bloom
Loopline Bridge	loc	said	ref	Stephen Dedalus
Loopline Bridge	loc	said	ref	Leopold Bloom
Loopline Bridge	loc	said	ref	Stephen Dedalus
Loopline Bridge	loc	said	ref	Stephen Dedalus
Loopline Bridge	loc	said	ref	Leopold Bloom
Loopline Bridge	loc	reference	ref	reference
Loopline Bridge	loc	reference	ref	Greek
Loopline Bridge	loc	reference	ref	Novel
Loopline Bridge	loc	said	ref	Leopold Bloom
Loopline Bridge	loc	reference	ref	Royalty
Loopline Bridge	loc	reference	ref	Myth
Loopline Bridge	loc	said	ref	Leopold Bloom
Loopline Bridge	loc	said	ref	Stephen Dedalus
Loopline Bridge	loc	reference	ref	saying
Loopline Bridge	loc	said	ref	Leopold Bloom
Loopline Bridge	loc	said	ref	Stephen Dedalus
Loopline Bridge	loc	reference	ref	person
Loopline Bridge	loc	said	ref	Leopold Bloom
Loopline Bridge	loc	reference	ref	landmark
Loopline Bridge	loc	said	ref	Stephen Dedalus
Loopline Bridge	loc	reference	ref	God
Loopline Bridge	loc	reference	ref	currency
Loopline Bridge	loc	said	ref	John Lever
Loopline Bridge	loc	reference	ref	Songverse
Loopline Bridge	loc	reference	ref	saying
Loopline Bridge	loc	said	ref	Murphy
Loopline Bridge	loc	said	ref	Keeper
Loopline Bridge	loc	said	ref	Leopold Bloom
Loopline Bridge	loc	said	ref	
Loopline Bridge	loc	said	ref	Leopold Bloom
Loopline Bridge	loc	said	ref	Stephen Dedalus
Loopline Bridge	loc	reference	ref	Latin
Loopline Bridge	loc	said	ref	Mr B
Loopline Bridge	loc	said	ref	Stephen Dedalus
Loopline Bridge	loc	said	ref	Leopold BLoom
Loopline Bridge	loc	said	ref	Stephen Dedalus
Loopline Bridge	loc	said	ref	Leopold Bloom
Loopline Bridge	loc	said	ref	Stephen Dedalus
Loopline Bridge	loc	said	ref	Leopold Bloom
Loopline Bridge	loc	said	ref	Stephen Dedalus
Loopline Bridge	loc	reference	ref	Saint
Loopline Bridge	loc	said	ref	Leopold Bloom
Loopline Bridge	loc	said	ref	Stephen Dedalus
Loopline Bridge	loc	said	ref	Leopold Bloom
Loopline Bridge	loc	said	ref	Stephen Dedalus
Loopline Bridge	loc	said	ref	Leopold bloom
Loopline Bridge	loc	said	ref	Stephen Dedalus
Loopline Bridge	loc	said	ref	Leopold Bloom
Loopline Bridge	loc	said	ref	Leopold Bloom
Loopline Bridge	loc	said	ref	Stephen Dedalus
Loopline Bridge	loc	reference	ref	Novel
Loopline Bridge	loc	said	ref	Leopold Bloom
Loopline Bridge	loc	said	ref	Stephen Dedalus
Loopline Bridge	loc	said	ref	Leopold Bloom
Loopline Bridge	loc	reference	ref	saying
Loopline Bridge	loc	said	ref	Leopold Bloom
Loopline Bridge	loc	said	ref	Stephen Dedalus
Loopline Bridge	loc	said	ref	Leopold Bloom
Loopline Bridge	loc	reference	ref	Novel
Loopline Bridge	loc	said	ref	Stephen Dedalus
Loopline Bridge	loc	said	ref	Leopold Bloom
Loopline Bridge	loc	said	ref	Leopold Bloom
Loopline Bridge	loc	said	ref	Stephen Dedalus
Loopline Bridge	loc	said	ref	Leopold Bloom
Loopline Bridge	loc	said	ref	Stephen Dedalus
Loopline Bridge	loc	said	ref	Stephen Dedalus
Loopline Bridge	loc	said	ref	Leopold Bloom
Loopline Bridge	loc	said	ref	Earl Cadogan
Loopline Bridge	loc	said	ref	Elderly
Loopline Bridge	loc	said	ref	Townclerk
Loopline Bridge	loc	said	ref	Seafarer
Loopline Bridge	loc	reference	ref	Novel
Loopline Bridge	loc	said	ref	Leopold Bloom
Loopline Bridge	loc	reference	ref	Italian
Loopline Bridge	loc	said	ref	Stephen Dedalus
Loopline Bridge	loc	said	ref	Leopold Bloom
Loopline Bridge	loc	said	ref	Leopold Bloom
Loopline Bridge	loc	said	ref	Stephen Dedalus
Loopline Bridge	loc	said	ref	Leopold Bloom
Loopline Bridge	loc	said	ref	Leopold Bloom
Loopline Bridge	loc	reference	ref	Italain
Loopline Bridge	loc	reference	ref	Novel
Loopline Bridge	loc	reference	ref	German Song
Loopline Bridge	loc	reference	ref	German Song
Loopline Bridge	loc	reference	ref	German
Loopline Bridge	loc	reference	ref	conversation